{"stats":{"minecraft:dropped":{"minecraft:wheat_seeds":1},"minecraft:picked_up":{"minecraft:wheat_seeds":2},"minecraft:used":{"minecraft:iron_shovel":19,"minecraft:dirt_path":4,"minecraft:birch_planks":39},"minecraft:mined":{"minecraft:oak_leaves":1},"minecraft:custom":{"minecraft:jump":27,"minecraft:time_since_rest":5643,"minecraft:damage_dealt":96,"minecraft:sprint_one_cm":3981,"minecraft:play_time":5643,"minecraft:damage_taken":40,"minecraft:time_since_death":5643,"minecraft:walk_one_cm":12349,"minecraft:sneak_time":10,"minecraft:total_world_time":5643,"minecraft:drop":1,"minecraft:fall_one_cm":901,"minecraft:fly_one_cm":60483}},"DataVersion":3465}